[{"model": "libraries.library", "pk": 1, "fields": {"name": "Central Library", "address": "301 Burnhamthorpe Rd W", "year_opened": 1991}}, {"model": "libraries.library", "pk": 2, "fields": {"name": "Port Credit Library", "address": "20 Lakeshore Rd E", "year_opened": 1962}}, {"model": "libraries.library", "pk": 3, "fields": {"name": "Churchill Meadows Library", "address": "3801 Thomas Street", "year_opened": 2007}}, {"model": "libraries.library", "pk": 4, "fields": {"name": "Erin Meadows Library", "address": "2800 Erin Centre Boulevard", "year_opened": 2001}}, {"model": "libraries.library", "pk": 5, "fields": {"name": "Meadowvale Library", "address": "6655 Glen Erin Drive", "year_opened": 1974}}, {"model": "libraries.library", "pk": 6, "fields": {"name": "Woodlands Library", "address": "3452 Woodlands Dr.", "year_opened": 2000}}]