[{"model": "authors.author", "pk": 1, "fields": {"name": "Roald Dahl", "image": "authors/2024/08/16/RoaldDahl.jpg", "libraries": 1}}, {"model": "authors.author", "pk": 2, "fields": {"name": "Holly Black", "image": "authors/2024/08/16/Holly-Black.jpg", "libraries": 1}}, {"model": "authors.author", "pk": 3, "fields": {"name": "Rick Riordan", "image": "authors/2024/08/16/RickRiordan.jpg", "libraries": 2}}, {"model": "authors.author", "pk": 4, "fields": {"name": "Dr. Suess", "image": "authors/2024/08/16/DrSuess.webp", "libraries": 1}}, {"model": "authors.author", "pk": 5, "fields": {"name": "Chris Colfer", "image": "authors/2024/08/16/ChrisColfer.jfif", "libraries": 1}}, {"model": "authors.author", "pk": 6, "fields": {"name": "Brigid Kemmerer", "image": "authors/2024/08/16/Brigid-Kemmerer.jpg", "libraries": 1}}]