[{"model": "books.book", "pk": 1, "fields": {"name": "The Twits", "image": "books/2024/08/16/TheTwits.jpg", "pages": 211, "genres": "Fiction, Action-Adventure", "author": 1, "libraries": [1, 2, 3, 6]}}, {"model": "books.book", "pk": 2, "fields": {"name": "The Witches", "image": "books/2024/08/16/TheWitches.jpg", "pages": 324, "genres": "Fiction, Action-Adventure", "author": 1, "libraries": [1, 2, 3]}}, {"model": "books.book", "pk": 3, "fields": {"name": "The Cruel Prince", "image": "books/2024/08/16/TheCruelPrince.jpg", "pages": 534, "genres": "Fantasy", "author": 2, "libraries": [1, 2, 6]}}, {"model": "books.book", "pk": 4, "fields": {"name": "The Battle Of The Labyrinth", "image": "books/2024/08/16/TheBattleOfTheLabyrinth.jpg", "pages": 456, "genres": "Action-adventure/mythology/fantasy", "author": 3, "libraries": [1, 3]}}, {"model": "books.book", "pk": 5, "fields": {"name": "Beyond The Kingdoms", "image": "books/2024/08/16/BeyondTheKingdoms.jpg", "pages": 212, "genres": "Fantasy", "author": 5, "libraries": [1, 2, 3, 4, 5]}}, {"model": "books.book", "pk": 6, "fields": {"name": "A Curse So Dark And Lonely", "image": "books/2024/08/16/ACurseSoDarkAndLonely.webp", "pages": 512, "genres": "Fantasy romance", "author": 6, "libraries": [1, 3, 4, 5, 6]}}, {"model": "books.book", "pk": 7, "fields": {"name": "A Heart So Fierce And Broken", "image": "books/2024/08/16/AHeartSoFierceAndBroken.jpg", "pages": 464, "genres": "Fantasy romance", "author": 6, "libraries": [1, 2, 3, 4]}}, {"model": "books.book", "pk": 8, "fields": {"name": "A Vow So Bold And Deadly", "image": "books/2024/08/16/AVowSoBoldAndDeadly.jpg", "pages": 432, "genres": "Fantasy romance", "author": 6, "libraries": [1, 2, 3, 4, 5, 6]}}, {"model": "books.book", "pk": 9, "fields": {"name": "Letters To The Los", "image": "books/2024/08/16/LettersToTheLost.jpg", "pages": 416, "genres": "Contemporary romance", "author": 6, "libraries": [1, 3, 4, 6]}}, {"model": "books.book", "pk": 10, "fields": {"name": "A Grimm Warning", "image": "books/2024/08/16/AGrimmWarning.jpg", "pages": 496, "genres": "fairytale/fantasy", "author": 5, "libraries": [1, 2, 3, 4]}}, {"model": "books.book", "pk": 11, "fields": {"name": "An Authors Odyssey", "image": "books/2024/08/16/AnAuthorsOdessey.jpg", "pages": 480, "genres": "fairytale/fantasy", "author": 5, "libraries": [1, 2, 3, 4, 5, 6]}}, {"model": "books.book", "pk": 12, "fields": {"name": "The Enchantress Returns", "image": "books/2024/08/16/TheEnchantressReturns.jpg", "pages": 544, "genres": "fairytale/fantasy", "author": 5, "libraries": [1, 3, 4]}}, {"model": "books.book", "pk": 13, "fields": {"name": "The Lorax", "image": "books/2024/08/16/TheLorax.jpg", "pages": 30, "genres": "Kids", "author": 4, "libraries": [1, 2, 3, 4, 5, 6]}}, {"model": "books.book", "pk": 14, "fields": {"name": "The Cat In The Hat", "image": "books/2024/08/16/TheCatInTheHat.jpg", "pages": 50, "genres": "Kids", "author": 4, "libraries": [1, 4, 5, 6]}}, {"model": "books.book", "pk": 15, "fields": {"name": "Oh The Places Youll Go", "image": "books/2024/08/16/OhThePlacesYoullGo.jpg", "pages": 43, "genres": "Kids", "author": 4, "libraries": [1, 2, 3, 4, 5]}}, {"model": "books.book", "pk": 16, "fields": {"name": "The Queen Of Nothing", "image": "books/2024/08/16/TheQueenOfNothing.jpg", "pages": 656, "genres": "Fantasy", "author": 2, "libraries": [1, 3, 4]}}, {"model": "books.book", "pk": 17, "fields": {"name": "The Stolen Heir", "image": "books/2024/08/16/TheStolenHeir.jpg", "pages": 533, "genres": "Fantasy", "author": 2, "libraries": [1, 2, 3]}}, {"model": "books.book", "pk": 18, "fields": {"name": "The Sea Of Monsters", "image": "books/2024/08/16/TheSeaOfMonsters.jpg", "pages": 654, "genres": "Action-adventure/mythology/fantasy", "author": 3, "libraries": [1, 2, 3, 4, 5, 6]}}, {"model": "books.book", "pk": 19, "fields": {"name": "Esio Trot", "image": "books/2024/08/16/EsioTrot.jpg", "pages": 76, "genres": "Fiction/adventure", "author": 1, "libraries": [1, 4, 5, 6]}}]